id,state_id,income,h_year_id
1,1,38783,1
2,1,40554,2
3,1,42666,3
4,1,40489,4
5,1,40474,5
6,1,41415,6
7,1,41574,7
8,1,42849,8
9,1,42830,9
10,1,44765,10
11,2,59393,1
12,2,64333,2
13,2,68460,3
14,2,66953,4
15,2,64576,5
16,2,67825,6
17,2,67712,7
18,2,72237,8
19,2,71583,9
20,2,73355,10
21,3,47265,1
22,3,49889,2
23,3,50958,3
24,3,48745,4
25,3,46789,5
26,3,46709,6
27,3,47826,7
28,3,48510,8
29,3,50068,9
30,3,51492,10
31,4,36599,1
32,4,38134,2
33,4,38815,3
34,4,37823,4
35,4,38307,5
36,4,38758,6
37,4,40112,7
38,4,40511,8
39,4,41262,9
40,4,41995,10
41,5,56645,1
42,5,59948,2
43,5,61021,3
44,5,58931,4
45,5,57708,5
46,5,57287,6
47,5,58328,7
48,5,60190,8
49,5,61933,9
50,5,64500,10
51,6,52015,1
52,6,55212,2
53,6,56993,3
54,6,55430,4
55,6,54046,5
56,6,55387,6
57,6,56765,7
58,6,58823,8
59,6,61303,9
60,6,63909,10
61,7,63422,1
62,7,65967,2
63,7,68595,3
64,7,67034,4
65,7,64032,5
66,7,65753,6
67,7,67276,7
68,7,67098,8
69,7,70048,9
70,7,71346,10
71,8,52833,1
72,8,54610,2
73,8,57989,3
74,8,56860,4
75,8,55847,5
76,8,58814,6
77,8,58415,7
78,8,57846,8
79,8,59716,9
80,8,61255,10
81,9,51847,1
82,9,54317,2
83,9,57936,3
84,9,59290,4
85,9,60903,5
86,9,63124,6
87,9,66583,7
88,9,67572,8
89,9,71648,9
90,9,75628,10
91,10,45495,1
92,10,47804,2
93,10,47778,3
94,10,44736,4
95,10,44409,5
96,10,44299,6
97,10,45040,7
98,10,46036,8
99,10,47463,9
100,10,49426,10
101,11,46832,1
102,11,49136,2
103,11,50861,3
104,11,47590,4
105,11,46430,5
106,11,46007,6
107,11,47209,7
108,11,47829,8
109,11,49321,9
110,11,51244,10
111,12,61160,1
112,12,63746,2
113,12,67214,3
114,12,64098,4
115,12,63030,5
116,12,61821,6
117,12,66259,7
118,12,68020,8
119,12,69592,9
120,12,73486,10
121,13,42865,1
122,13,46253,2
123,13,47576,3
124,13,44926,4
125,13,43490,5
126,13,43341,6
127,13,45489,7
128,13,46783,8
129,13,47861,9
130,13,48275,10
131,14,52006,1
132,14,54124,2
133,14,56235,3
134,14,53966,4
135,14,52972,5
136,14,53234,6
137,14,55137,7
138,14,56210,8
139,14,57444,9
140,14,59588,10
141,15,45394,1
142,15,47448,2
143,15,47966,3
144,15,45424,4
145,15,44613,5
146,15,46438,6
147,15,46974,7
148,15,47529,8
149,15,49446,9
150,15,50532,10
151,16,44491,1
152,16,47292,2
153,16,48980,3
154,16,48044,4
155,16,47961,5
156,16,49427,6
157,16,50957,7
158,16,52229,8
159,16,53712,9
160,16,54736,10
161,17,45478,1
162,17,47451,2
163,17,50177,3
164,17,47817,4
165,17,48257,5
166,17,48964,6
167,17,50241,7
168,17,50972,8
169,17,52504,9
170,17,53906,10
171,18,39372,1
172,18,40267,2
173,18,41538,3
174,18,40072,4
175,18,40062,5
176,18,41141,6
177,18,41724,7
178,18,43399,8
179,18,42958,9
180,18,45215,10
181,19,39337,1
182,19,40926,2
183,19,43733,3
184,19,42492,4
185,19,42505,5
186,19,41734,6
187,19,42944,7
188,19,44164,8
189,19,44555,9
190,19,45727,10
191,20,43439,1
192,20,45888,2
193,20,46581,3
194,20,45734,4
195,20,45815,5
196,20,46033,6
197,20,46709,7
198,20,46974,8
199,20,49462,9
200,20,51494,10
201,21,65144,1
202,21,68080,2
203,21,70545,3
204,21,69272,4
205,21,68854,5
206,21,70004,6
207,21,71122,7
208,21,72483,8
209,21,73971,9
210,21,75847,10
211,22,59963,1
212,22,62365,2
213,22,65401,3
214,22,64081,4
215,22,62072,5
216,22,62859,6
217,22,65339,7
218,22,66768,8
219,22,69160,9
220,22,70628,10
221,23,47182,1
222,23,47950,2
223,23,48591,3
224,23,45255,4
225,23,45413,5
226,23,45981,6
227,23,46859,7
228,23,48273,8
229,23,49847,9
230,23,51084,10
231,24,54023,1
232,24,55802,2
233,24,57288,3
234,24,55616,4
235,24,55459,5
236,24,56954,6
237,24,58906,7
238,24,60702,8
239,24,61481,9
240,24,63488,10
241,25,34473,1
242,25,36338,2
243,25,37790,3
244,25,36646,4
245,25,36851,5
246,25,36919,6
247,25,37095,7
248,25,37963,8
249,25,39680,9
250,25,40593,10
251,26,42841,1
252,26,45114,2
253,26,46867,3
254,26,45229,4
255,26,44301,5
256,26,45247,6
257,26,45321,7
258,26,46931,8
259,26,48363,9
260,26,50238,10
261,27,40627,1
262,27,43531,2
263,27,43654,3
264,27,42322,4
265,27,42666,5
266,27,44222,6
267,27,45076,7
268,27,46972,8
269,27,46328,9
270,27,49509,10
271,28,45474,1
272,28,47085,2
273,28,49693,3
274,28,47357,4
275,28,48408,5
276,28,50296,6
277,28,50723,7
278,28,51440,8
279,28,52686,9
280,28,54996,10
281,30,59683,1
282,30,62369,2
283,30,63731,3
284,30,60567,4
285,30,61042,5
286,30,62647,6
287,30,63280,7
288,30,64230,8
289,30,66532,9
290,30,70303,10
291,31,64470,1
292,31,67035,2
293,31,70378,3
294,31,68342,4
295,31,67681,5
296,31,67458,6
297,31,69667,7
298,31,70165,8
299,31,71919,9
300,31,72222,10
301,32,40629,1
302,32,41452,2
303,32,43508,3
304,32,43028,4
305,32,42090,5
306,32,41963,6
307,32,42558,7
308,32,43872,8
309,32,44803,9
310,32,45382,10
311,33,51384,1
312,33,53514,2
313,33,56033,3
314,33,54659,4
315,33,54148,5
316,33,55246,6
317,33,56448,7
318,33,57369,8
319,33,58878,9
320,33,60850,10
321,34,42625,1
322,34,44670,2
323,34,46549,3
324,34,43674,4
325,34,43326,5
326,34,43916,6
327,34,45150,7
328,34,45906,8
329,34,46556,9
330,34,47830,10
331,35,41919,1
332,35,43753,2
333,35,45685,3
334,35,47827,4
335,35,48670,5
336,35,51704,6
337,35,53585,7
338,35,55759,8
339,35,59029,9
340,35,60557,10
341,36,44532,1
342,36,46597,2
343,36,47988,3
344,36,45395,4
345,36,45090,5
346,36,45749,6
347,36,46829,7
348,36,48081,8
349,36,49308,9
350,36,51075,10
351,37,38770,1
352,37,41567,2
353,37,42822,3
354,37,41664,4
355,37,42072,5
356,37,43225,6
357,37,44312,7
358,37,45690,8
359,37,47529,9
360,37,48568,10
361,38,46230,1
362,38,48730,2
363,38,50169,3
364,38,48457,4
365,38,46560,5
366,38,46816,6
367,38,49161,7
368,38,50251,8
369,38,51075,9
370,38,54148,10
371,39,46259,1
372,39,48576,2
373,39,50713,3
374,39,49520,4
375,39,49288,5
376,39,50228,6
377,39,51230,7
378,39,52007,8
379,39,53234,9
380,39,55702,10
381,40,51814,1
382,40,53568,2
383,40,55701,3
384,40,54119,4
385,40,52254,5
386,40,53636,6
387,40,54554,7
388,40,55902,8
389,40,54891,9
390,40,58073,10
391,41,41100,1
392,41,43329,2
393,41,44625,3
394,41,42442,4
395,41,42018,5
396,41,42367,6
397,41,43107,7
398,41,44163,8
399,41,45238,9
400,41,47238,10
401,42,42791,1
402,42,43424,2
403,42,46032,3
404,42,45043,4
405,42,45904,5
406,42,48321,6
407,42,48362,7
408,42,48947,8
409,42,50979,9
410,42,53017,10
411,43,40315,1
412,43,42367,2
413,43,43614,3
414,43,41725,4
415,43,41461,5
416,43,41693,6
417,43,42764,7
418,43,44297,8
419,43,44361,9
420,43,47275,10
421,44,44922,1
422,44,47548,2
423,44,50043,3
424,44,48259,4
425,44,48615,5
426,44,49392,6
427,44,50740,7
428,44,51704,8
429,44,53035,9
430,44,55653,10
431,45,51309,1
432,45,55109,2
433,45,56633,3
434,45,55117,4
435,45,54744,5
436,45,55869,6
437,45,57049,7
438,45,59770,8
439,45,60922,9
440,45,62912,10
441,46,47665,1
442,46,49907,2
443,46,52104,3
444,46,51618,4
445,46,49406,5
446,46,52776,6
447,46,52977,7
448,46,52578,8
449,46,54166,9
450,46,56990,10
451,47,56277,1
452,47,59562,2
453,47,61233,3
454,47,59330,4
455,47,60674,5
456,47,61882,6
457,47,61741,7
458,47,62666,8
459,47,64902,9
460,47,66262,10
461,48,52583,1
462,48,55591,2
463,48,58078,3
464,48,56548,4
465,48,55631,5
466,48,56835,6
467,48,57573,7
468,48,58405,8
469,48,61366,9
470,48,64129,10
471,49,35059,1
472,49,37060,2
473,49,37989,3
474,49,37435,4
475,49,38218,5
476,49,38482,6
477,49,40196,7
478,49,41253,8
479,49,41059,9
480,49,42019,10
481,50,48772,1
482,50,50578,2
483,50,52094,3
484,50,49993,4
485,50,49001,5
486,50,50395,6
487,50,51059,7
488,50,51467,8
489,50,52622,9
490,50,55638,10
491,51,47423,1
492,51,51731,2
493,51,53207,3
494,51,52664,4
495,51,53512,5
496,51,56322,6
497,51,54901,7
498,51,58752,8
499,51,57055,9
500,51,60214,10
